a,b,c,d,e,f,WQI,WQC
1.0,1,1,1.0,1,1,1.0,Very Bad
1.0,2,3,3.0,4,5,3.1612903225806455,Very Bad
4.0,5,6,4.0,2,3,3.8387096774193545,Very Bad
23.4,5,6,6.6,6,7,9.251612903225807,Very Bad
