q1,q2,q3,q4,a,b,c,d,e,f,a1,b2,c3,d1,e1,f1,a2,OIP,WQC
1,1,1,1,1.0,1,1,1.0,1,1,1,1,1,1,1,1,1,22.606666824775086,Very Bad
1,1,1,1,1.0,2,3,3.0,4,5,1,1,1,1,1,1,1,10.794368550573397,Very Bad
1,1,1,1,4.0,5,6,4.0,2,3,1,1,1,1,1,1,1,3.3350763322287227,Very Bad
1,1,1,1,23.4,5,6,6.6,6,7,1,1,1,1,1,1,1,3.5401864982233753,Very Bad
